{
  "version": 1,
  "author": "JMArts Design",
  "editor": "wokwi",
  "parts": [
    { "type": "wokwi-breadboard", "id": "bb1", "top": 160.2, "left": -170, "attrs": {} },
    { "type": "wokwi-arduino-uno", "id": "uno", "top": -82.6, "left": -164.51, "attrs": {} },
    { "type": "wokwi-led", "id": "led1", "top": 178.8, "left": 167, "attrs": { "color": "red" } },
    { "type": "wokwi-led", "id": "led2", "top": 255.6, "left": 167, "attrs": { "color": "red" } },
    {
      "type": "wokwi-led",
      "id": "led3",
      "top": 178.8,
      "left": 272.6,
      "attrs": { "color": "red" }
    },
    {
      "type": "wokwi-led",
      "id": "led4",
      "top": 255.6,
      "left": 272.6,
      "attrs": { "color": "red" }
    },
    {
      "type": "wokwi-led",
      "id": "led5",
      "top": 178.8,
      "left": 368.6,
      "attrs": { "color": "red" }
    },
    {
      "type": "wokwi-led",
      "id": "led6",
      "top": 255.6,
      "left": 368.6,
      "attrs": { "color": "red" }
    },
    {
      "type": "wokwi-pushbutton",
      "id": "btn1",
      "top": 239.9,
      "left": 41.9,
      "rotate": 90,
      "attrs": { "color": "green" }
    }
  ],
  "connections": [
    [ "uno:GND.1", "bb1:bn.2", "black", [ "v-47.57", "h-163.1", "v8.32" ] ],
    [ "bb1:23b.j", "bb1:bn.18", "black", [ "v0" ] ],
    [ "bb1:36b.j", "uno:2", "green", [ "v9.75", "h-59.15", "v-420.2", "h-57.98" ] ],
    [ "uno:3", "bb1:36t.d", "green", [ "v-42.28", "h90.82", "v370.09", "h35.81" ] ],
    [ "uno:4", "bb1:47b.j", "green", [ "v-58.92", "h179.76", "v453.18", "h35.56" ] ],
    [ "uno:5", "bb1:47t.d", "green", [ "v-71.78", "h220.28", "v4.54" ] ],
    [ "uno:6", "bb1:57b.j", "green", [ "v-86.16", "h296.35", "v478.9", "h58.25" ] ],
    [ "uno:7", "bb1:57t.d", "green", [ "v-100.53", "h342.17", "v7.57" ] ],
    [ "uno:8", "btn1:1.l", "green", [ "v-32.44", "h-196.39", "v236.8", "h8.32" ] ],
    [ "bb1:35b.i", "bb1:bn.28", "black", [ "v0" ] ],
    [ "bb1:46t.e", "bb1:bn.40", "black", [ "v5.79", "h27.4" ] ],
    [ "bb1:56t.e", "bb1:bn.49", "black", [ "v6.25", "h30.56" ] ],
    [ "bb1:56b.i", "bb1:bn.46", "black", [ "v27.61", "h15.41" ] ],
    [ "btn1:1.l", "bb1:25t.c", "", [ "$bb" ] ],
    [ "btn1:2.l", "bb1:23t.c", "", [ "$bb" ] ],
    [ "btn1:1.r", "bb1:25b.h", "", [ "$bb" ] ],
    [ "btn1:2.r", "bb1:23b.h", "", [ "$bb" ] ],
    [ "led6:A", "bb1:57b.h", "", [ "$bb" ] ],
    [ "led6:C", "bb1:56b.h", "", [ "$bb" ] ],
    [ "led5:A", "bb1:57t.b", "", [ "$bb" ] ],
    [ "led5:C", "bb1:56t.b", "", [ "$bb" ] ],
    [ "led1:A", "bb1:36t.b", "", [ "$bb" ] ],
    [ "led1:C", "bb1:35t.b", "", [ "$bb" ] ],
    [ "led2:A", "bb1:36b.h", "", [ "$bb" ] ],
    [ "led2:C", "bb1:35b.h", "", [ "$bb" ] ],
    [ "led4:A", "bb1:47b.h", "", [ "$bb" ] ],
    [ "led4:C", "bb1:46b.h", "", [ "$bb" ] ],
    [ "led3:A", "bb1:47t.b", "", [ "$bb" ] ],
    [ "led3:C", "bb1:46t.b", "", [ "$bb" ] ],
    [ "bb1:46b.i", "bb1:bn.35", "black", [ "v25.78", "h-27.69" ] ],
    [ "bb1:bn.31", "bb1:35t.c", "black", [ "v0" ] ]
  ],
  "dependencies": {}
}